RELIANCE,Reliance Industries Limited
TCS,Tata Consultancy Services Limited
HDFCBANK,HDFC Bank Limited
INFY,Infosys Limited
ICICIBANK,ICICI Bank Limited
HINDUNILVR,Hindustan Unilever Limited
SBIN,State Bank of India
BAJFINANCE,Bajaj Finance Limited
HDFC,Housing Development Finance Corporation Limited
BHARTIARTL,Bharti Airtel Limited
KOTAKBANK,Kotak Mahindra Bank Limited
WIPRO,Wipro Limited
HCLTECH,HCL Technologies Limited
ITC,ITC Limited
ADANIGREEN,Adani Green Energy Limited
ASIANPAINT,Asian Paints Limited
BAJAJFINSV,Bajaj Finserv Limited
ADANITRANS,Adani Transmission Limited
DMART,Avenue Supermarts Limited
LT,Larsen & Toubro Limited
ATGL,Adani Total Gas Limited
AXISBANK,Axis Bank Limited
MARUTI,Maruti Suzuki India Limited
TITAN,Titan Company Limited
ADANIENT,Adani Enterprises Limited
SUNPHARMA,Sun Pharmaceutical Industries Limited
ONGC,Oil & Natural Gas Corporation Limited
ULTRACEMCO,UltraTech Cement Limited
JSWSTEEL,JSW Steel Limited
ADANIPORTS,Adani Ports and Special Economic Zone Limited
TATASTEEL,Tata Steel Limited
POWERGRID,Power Grid Corporation of India Limited
VEDL,Vedanta Limited
TECHM,Tech Mahindra Limited
TATAMOTORS,Tata Motors Limited
HINDZINC,Hindustan Zinc Limited
NTPC,NTPC Limited
HINDALCO,Hindalco Industries Limited
PIDILITIND,Pidilite Industries Limited
DIVISLAB,Divi's Laboratories Limited
HDFCLIFE,HDFC Life Insurance Company Limited
COALINDIA,Coal India Limited
SBILIFE,SBI Life Insurance Company Limited
IOC,Indian Oil Corporation Limited
GRASIM,Grasim Industries Limited
LTI,Larsen & Toubro Infotech Limited
BAJAJ-AUTO,Bajaj Auto Limited
M&M,Mahindra & Mahindra Limited
DABUR,Dabur India Limited
DLF,DLF Limited
SHREECEM,SHREE CEMENT LIMITED
SIEMENS,Siemens Limited
CIPLA,Cipla Limited
SBICARD,SBI Cards and Payment Services Limited
NYKAA,FSN E-Commerce Ventures Limited
SRF,SRF Limited
BPCL,Bharat Petroleum Corporation Limited
INDIGO,InterGlobe Aviation Limited
BRITANNIA,Britannia Industries Limited
GODREJCP,Godrej Consumer Products Limited
TATAPOWER,Tata Power Company Limited
INDUSINDBK,IndusInd Bank Limited
HAVELLS,Havells India Limited
ICICIPRULI,ICICI Prudential Life Insurance Company Limited
TATACONSUM,TATA CONSUMER PRODUCTS LIMITED
DRREDDY,Dr. Reddy's Laboratories Limited
ADANIPOWER,Adani Power Limited
MINDTREE,MindTree Limited
GAIL,GAIL (India) Limited
BERGEPAINT,Berger Paints (I) Limited
EICHERMOT,Eicher Motors Limited
AWL,Adani Wilmar Limited
ICICIGI,ICICI Lombard General Insurance Company Limited
MARICO,Marico Limited
APOLLOHOSP,Apollo Hospitals Enterprise Limited
ZOMATO,Zomato Limited
MCDOWELL-N,United Spirits Limited
MPHASIS,MphasiS Limited
IRCTC,Indian Railway Catering And Tourism Corporation Limited
INDUSTOWER,Indus Towers Limited
AMBUJACEM,Ambuja Cements Limited
CHOLAFIN,Cholamandalam Investment and Finance Company Limited
UPL,UPL Limited
NAUKRI,Info Edge (India) Limited
BANKBARODA,Bank of Baroda
BAJAJHLDNG,Bajaj Holdings & Investment Limited
TATAELXSI,Tata Elxsi Limited
JINDALSTEL,Jindal Steel & Power Limited
LODHA,Macrotech Developers Limited
LTTS,L&T Technology Services Limited
GLAND,Gland Pharma Limited
MUTHOOTFIN,Muthoot Finance Limited
PEL,Piramal Enterprises Limited
BEL,Bharat Electronics Limited
JSWENERGY,JSW Energy Limited
HAL,Hindustan Aeronautics Limited
BANDHANBNK,Bandhan Bank Limited
PAGEIND,Page Industries Limited
NMDC,NMDC Limited
TORNTPHARM,Torrent Pharmaceuticals Limited
PGHH,Procter & Gamble Hygiene and Health Care Limited
GODREJPROP,Godrej Properties Limited
IDBI,IDBI Bank Limited
HEROMOTOCO,Hero MotoCorp Limited
HDFCAMC,HDFC Asset Management Company Limited
ABB,ABB India Limited
TRENT,Trent Limited
MOTHERSUMI,Motherson Sumi Systems Limited
ALKEM,Alkem Laboratories Limited
PIIND,PI Industries Limited
BOSCHLTD,Bosch Limited
COLPAL,Colgate Palmolive (India) Limited
CANBK,Canara Bank
BALKRISIND,Balkrishna Industries Limited
VOLTAS,Voltas Limited
CONCOR,Container Corporation of India Limited
STARHEALTH,Star Health and Allied Insurance Company Limited
VBL,Varun Beverages Limited
SAIL,Steel Authority of India Limited
ASTRAL,Astral Limited
ACC,ACC Limited
BIOCON,Biocon Limited
SONACOMS,Sona BLW Precision Forgings Limited
UBL,United Breweries Limited
AUBANK,AU Small Finance Bank Limited
AUROPHARMA,Aurobindo Pharma Limited
PNB,Punjab National Bank
HINDPETRO,Hindustan Petroleum Corporation Limited
PERSISTENT,Persistent Systems Limited
ZYDUSLIFE,Zydus Lifesciences Limited
POLYCAB,Polycab India Limited
HONAUT,Honeywell Automation India Limited
TATACOMM,Tata Communications Limited
JUBLFOOD,Jubilant Foodworks Limited
AARTIIND,Aarti Industries Limited
GUJGASLTD,Gujarat Gas Limited
ASHOKLEY,Ashok Leyland Limited
IOB,Indian Overseas Bank
PAYTM,One 97 Communications Limited
OBEROIRLTY,Oberoi Realty Limited
LUPIN,Lupin Limited
MAXHEALTH,Max Healthcare Institute Limited
BHARATFORG,Bharat Forge Limited
TTML,Tata Teleservices (Maharashtra) Limited
LINDEINDIA,Linde India Limited
LAURUSLABS,Laurus Labs Limited
INDHOTEL,The Indian Hotels Company Limited
TIINDIA,Tube Investments of India Limited
POLICYBZR,PB Fintech Limited
CUMMINSIND,Cummins India Limited
OFSS,Oracle Financial Services Software Limited
YESBANK,Yes Bank Limited
SRTRANSFIN,Shriram Transport Finance Company Limited
DEEPAKNTR,Deepak Nitrite Limited
ATUL,Atul Limited
SCHAEFFLER,Schaeffler India Limited
FLUOROCHEM,Gujarat Fluorochemicals Limited
PFC,Power Finance Corporation Limited
TVSMOTOR,TVS Motor Company Limited
PETRONET,Petronet LNG Limited
ABFRL,Aditya Birla Fashion and Retail Limited
RUCHI,Ruchi Soya Industries Limited
GLAXO,GlaxoSmithKline Pharmaceuticals Limited
IRFC,Indian Railway Finance Corporation Limited
DALBHARAT,Dalmia Bharat Limited
NHPC,NHPC Limited
IDEA,Vodafone Idea Limited
ZEEL,Zee Entertainment Enterprises Limited
MRF,MRF Limited
TRIDENT,Trident Limited
COFORGE,Coforge Limited
IPCALAB,IPCA Laboratories Limited
MINDAIND,Minda Industries Limited
RELAXO,Relaxo Footwears Limited
UNIONBANK,Union Bank of India
IGL,Indraprastha Gas Limited
MFSL,Max Financial Services Limited
ABCAPITAL,Aditya Birla Capital Limited
SUPREMEIND,Supreme Industries Limited
OIL,Oil India Limited
CGPOWER,CG Power and Industrial Solutions Limited
DIXON,Dixon Technologies (India) Limited
SOLARINDS,Solar Industries India Limited
BATAINDIA,Bata India Limited
KANSAINER,Kansai Nerolac Paints Limited
TATACHEM,Tata Chemicals Limited
IDFCFIRSTB,IDFC First Bank Limited
RECLTD,REC Limited
CRISIL,CRISIL Limited
SYNGENE,Syngene International Limited
CROMPTON,Crompton Greaves Consumer Electricals Limited
TORNTPOWER,Torrent Power Limited
COROMANDEL,Coromandel International Limited
MANYAVAR,Vedant Fashions Limited
HATSUN,Hatsun Agro Product Limited
THERMAX,Thermax Limited
APLAPOLLO,APL Apollo Tubes Limited
ESCORTS,Escorts Limited
SUMICHEM,Sumitomo Chemical India Limited
NATIONALUM,National Aluminium Company Limited
GMRINFRA,GMR Infrastructure Limited
3MINDIA,3M India Limited
FORTIS,Fortis Healthcare Limited
LALPATHLAB,Dr. Lal Path Labs Ltd.
NAM-INDIA,Nippon Life India Asset Management Limited
SUNDARMFIN,Sundaram Finance Limited
KPRMILL,K.P.R. Mill Limited
CLEAN,Clean Science and Technology Limited
DEVYANI,Devyani International Limited
POONAWALLA,Poonawalla Fincorp Limited
TANLA,Tanla Platforms Limited
FEDERALBNK,The Federal Bank  Limited
RAJESHEXPO,Rajesh Exports Limited
MSUMI,Motherson Sumi Wiring India Limited
AAVAS,Aavas Financiers Limited
NAVINFLUOR,Navin Fluorine International Limited
IEX,Indian Energy Exchange Limited
VINATIORGA,Vinati Organics Limited
ISEC,ICICI Securities Limited
GICRE,General Insurance Corporation of India
WHIRLPOOL,Whirlpool of India Limited
L&TFH,L&T Finance Holdings Limited
GRINDWELL,Grindwell Norton Limited
PFIZER,Pfizer Limited
EMAMILTD,Emami Limited
PRESTIGE,Prestige Estates Projects Limited
LICHSGFIN,LIC Housing Finance Limited
M&MFIN,Mahindra & Mahindra Financial Services Limited
PHOENIXLTD,The Phoenix Mills Limited
SUNTV,Sun TV Network Limited
INDIANB,Indian Bank
SUNDRMFAST,Sundram Fasteners Limited
BANKINDIA,Bank of India
JKCEMENT,JK Cement Limited
NIACL,The New India Assurance Company Limited
RAMCOCEM,The Ramco Cements Limited
DCMSHRIRAM,DCM Shriram Limited
CHAMBLFERT,Chambal Fertilizers & Chemicals Limited
SKFINDIA,SKF India Limited
SANOFI,Sanofi India Limited
BHEL,Bharat Heavy Electricals Limited
BCG,Brightcom Group Limited
SFL,Sheela Foam Limited
APTUS,Aptus Value Housing Finance India Limited
AFFLE,Affle (India) Limited
METROBRAND,Metro Brands Limited
KPITTECH,KPIT Technologies Limited
BLUEDART,Blue Dart Express Limited
KAJARIACER,Kajaria Ceramics Limited
TIMKEN,Timken India Limited
CENTRALBK,Central Bank of India
CENTURYPLY,Century Plyboards (India) Limited
GILLETTE,Gillette India Limited
SUVENPHAR,Suven Pharmaceuticals Limited
AJANTPHARM,Ajanta Pharma Limited
GODREJIND,Godrej Industries Limited
HAPPSTMNDS,Happiest Minds Technologies Limited
CDSL,Central Depository Services (India) Limited
ENDURANCE,Endurance Technologies Limited
ABSLAMC,Aditya Birla Sun Life AMC Limited
AIAENG,AIA Engineering Limited
NH,Narayana Hrudayalaya Ltd.
IRB,IRB Infrastructure Developers Limited
CARBORUNIV,Carborundum Universal Limited
POWERINDIA,Hitachi Energy India Limited
GRINFRA,G R Infraprojects Limited
IIFLWAM,Iifl Wealth Management Limited
GSPL,Gujarat State Petronet Limited
ALKYLAMINE,Alkyl Amines Chemicals Limited
APLLTD,Alembic Pharmaceuticals Limited
ZFCVINDIA,ZF Commercial Vehicle Control Systems India Limited
UCOBANK,UCO Bank
NUVOCO,Nuvoco Vistas Corporation Limited
NATCOPHARM,Natco Pharma Limited
BASF,BASF India Limited
CREDITACC,CREDITACCESS GRAMEEN LIMITED
INDIAMART,Indiamart Intermesh Limited
GNFC,Gujarat Narmada Valley Fertilizers and Chemicals Limited
EXIDEIND,Exide Industries Limited
MOTILALOFS,Motilal Oswal Financial Services Limited
BSE,BSE Limited
ANGELONE,Angel One Limited
INTELLECT,Intellect Design Arena Limited
BSOFT,BIRLASOFT LIMITED
TV18BRDCST,TV18 Broadcast Limited
KIOCL,KIOCL Limited
UTIAMC,UTI Asset Management Company Limited
VTL,Vardhman Textiles Limited
ALOKINDS,Alok Industries Limited
GLENMARK,Glenmark Pharmaceuticals Limited
BAJAJELEC,Bajaj Electricals Limited
FINEORG,Fine Organic Industries Limited
JBCHEPHARM,JB Chemicals & Pharmaceuticals Limited
APOLLOTYRE,Apollo Tyres Limited
RATNAMANI,Ratnamani Metals & Tubes Limited
MEDPLUS,Medplus Health Services Limited
BRIGADE,Brigade Enterprises Limited
AMBER,Amber Enterprises India Limited
RADICO,Radico Khaitan Limited
PVR,PVR Limited
CHOLAHLDNG,Cholamandalam Financial Holdings Limited
TTKPRESTIG,TTK Prestige Limited
KEI,KEI Industries Limited
REDINGTON,Redington (India) Limited
CAMS,Computer Age Management Services Limited
MAHABANK,Bank of Maharashtra
KIMS,Krishna Institute of Medical Sciences Limited
HINDCOPPER,Hindustan Copper Limited
IIFL,IIFL Finance Limited
HFCL,HFCL Limited
SHRIRAMCIT,Shriram City Union Finance Limited
CGCL,Capri Global Capital Limited
SJVN,SJVN Limited
VIPIND,VIP Industries Limited
LXCHEM,Laxmi Organic Industries Limited
CHEMPLASTS,Chemplast Sanmar Limited
ASAHIINDIA,Asahi India Glass Limited
METROPOLIS,Metropolis Healthcare Limited
LAXMIMACH,Lakshmi Machine Works Limited
CYIENT,Cyient Limited
JSL,Jindal Stainless Limited
GALAXYSURF,Galaxy Surfactants Limited
BLUESTARCO,Blue Star Limited
BDL,Bharat Dynamics Limited
CESC,CESC Limited
BALRAMCHIN,Balrampur Chini Mills Limited
CASTROLIND,Castrol India Limited
MASTEK,Mastek Limited
RHIM,RHI MAGNESITA INDIA LIMITED
ASTERDM,Aster DM Healthcare Limited
IDFC,IDFC Limited
GRAPHITE,Graphite India Limited
QUESS,Quess Corp Limited
KEC,KEC International Limited
ROUTE,ROUTE MOBILE LIMITED
EIHOTEL,EIH Limited
MANAPPURAM,Manappuram Finance Limited
FINPIPE,Finolex Industries Limited
ZYDUSWELL,Zydus Wellness Limited
CENTURYTEX,Century Textiles & Industries Limited
CUB,City Union Bank Limited
SAPPHIRE,Sapphire Foods India Limited
BALAMINES,Balaji Amines Limited
ERIS,Eris Lifesciences Limited
VGUARD,V-Guard Industries Limited
SAREGAMA,Saregama India Limited
SHYAMMETL,Shyam Metalics and Energy Limited
JSLHISAR,Jindal Stainless (Hisar) Limited
AMARAJABAT,Amara Raja Batteries Limited
POLYMED,Poly Medicure Limited
BIRLACORPN,Birla Corporation Limited
ITI,ITI Limited
WELSPUNIND,Welspun India Limited
STLTECH,Sterlite Technologies Limited
NETWORK18,Network18 Media & Investments Limited
ELGIEQUIP,Elgi Equipments Limited
DELTACORP,Delta Corp Limited
ALLCARGO,Allcargo Logistics Limited
FSL,Firstsource Solutions Limited
SUPPETRO,Supreme Petrochem Limited
AKZOINDIA,Akzo Nobel India Limited
NLCINDIA,NLC India Limited
GODREJAGRO,Godrej Agrovet Limited
LATENTVIEW,Latent View Analytics Limited
FACT,Fertilizers and Chemicals Travancore Limited
SUZLON,Suzlon Energy Limited
CANFINHOME,Can Fin Homes Limited
NIITLTD,NIIT Limited
ZENSARTECH,Zensar Technologies Limited
ANURAS,Anupam Rasayan India Limited
MAPMYINDIA,C.E. Info Systems Limited
EIDPARRY,EID Parry India Limited
ECLERX,eClerx Services Limited
KNRCON,KNR Constructions Limited
VMART,V-Mart Retail Limited
SPARC,Sun Pharma Advanced Research Company Limited
RBLBANK,RBL Bank Limited
SONATSOFTW,Sonata Software Limited
MGL,Mahanagar Gas Limited
SYMPHONY,Symphony Limited
INDIGOPNTS,Indigo Paints Limited
POLYPLEX,Polyplex Corporation Limited
GRANULES,Granules India Limited
RENUKA,Shree Renuka Sugars Limited
BEML,BEML Limited
BORORENEW,BOROSIL RENEWABLES LIMITED
TRIVENI,Triveni Engineering & Industries Limited
TEAMLEASE,Teamlease Services Limited
EASEMYTRIP,Easy Trip Planners Limited
IBULHSGFIN,Indiabulls Housing Finance Limited
PRIVISCL,Privi Speciality Chemicals Limited
PRAJIND,Praj Industries Limited
MRPL,Mangalore Refinery and Petrochemicals Limited
SUNCLAYLTD,Sundaram Clayton Limited
AEGISCHEM,Aegis Logistics Limited
GREENPANEL,Greenpanel Industries Limited
JUBLINGREA,Jubilant Ingrevia Limited
SIS,SIS LIMITED
PRINCEPIPE,Prince Pipes And Fittings Limited
TATAINVEST,Tata Investment Corporation Limited
RVNL,Rail Vikas Nigam Limited
ORIENTELEC,Orient Electric Limited
DEEPAKFERT,Deepak Fertilizers and Petrochemicals Corporation Limited
HOMEFIRST,Home First Finance Company India Limited
SOBHA,Sobha Limited
GMMPFAUDLR,GMM Pfaudler Limited
PNCINFRA,PNC Infratech Limited
PGHL,Procter & Gamble Health Limited
MMTC,MMTC Limited
LUXIND,Lux Industries Limited
GUJALKALI,Gujarat Alkalies and Chemicals Limited
TCIEXP,TCI Express Limited
HUDCO,Housing & Urban Development Corporation Limited
TRITURBINE,Triveni Turbine Limited
NBCC,NBCC (India) Limited
RAIN,Rain Industries Limited
MAHINDCIE,Mahindra CIE Automotive Limited
INDIACEM,The India Cements Limited
INOXLEISUR,INOX Leisure Limited
CERA,Cera Sanitaryware Limited
GSFC,Gujarat State Fertilizers & Chemicals Limited
JMFINANCIL,JM Financial Limited
EQUITASBNK,Equitas Small Finance Bank Limited
SUNTECK,Sunteck Realty Limited
ASTRAZEN,AstraZeneca Pharma India Limited
RTNINDIA,RattanIndia Enterprises Limited
PNBHOUSING,PNB Housing Finance Limited
RITES,RITES Limited
PSB,Punjab & Sind Bank
CHALET,Chalet Hotels Limited
JUBLPHARMA,Jubilant Pharmova Limited
VAIBHAVGBL,Vaibhav Global Limited
EPL,EPL Limited
MAHLIFE,Mahindra Lifespace Developers Limited
KALYANKJIL,Kalyan Jewellers India Limited
GMDCLTD,Gujarat Mineral Development Corporation Limited
SWSOLAR,Sterling and Wilson Renewable Energy Limited
BBTC,Bombay Burmah Trading Corporation Limited
GAEL,Gujarat Ambuja Exports Limited
JUSTDIAL,Just Dial Limited
GARFIBRES,Garware Technical Fibres Limited
PRSMJOHNSN,Prism Johnson Limited
FINCABLES,Finolex Cables Limited
RAYMOND,Raymond Limited
JINDWORLD,Jindal Worldwide Limited
GLS,Glenmark Life Sciences Limited
AVANTIFEED,Avanti Feeds Limited
JKLAKSHMI,JK Lakshmi Cement Limited
SHARDACROP,Sharda Cropchem Limited
EDELWEISS,Edelweiss Financial Services Limited
OLECTRA,Olectra Greentech Limited
GOCOLORS,Go Fashion (India) Limited
KALPATPOWR,Kalpataru Power Transmission Limited
GPIL,Godawari Power And Ispat limited
JYOTHYLAB,Jyothy Labs Limited
MTARTECH,Mtar Technologies Limited
SCI,Shipping Corporation Of India Limited
CCL,CCL Products (India) Limited
NAZARA,Nazara Technologies Limited
HEG,HEG Limited
VARROC,Varroc Engineering Limited
GODFRYPHLP,Godfrey Phillips India Limited
GHCL,GHCL Limited
INFIBEAM,Infibeam Avenues Limited
JBMA,JBM Auto Limited
SHOPERSTOP,Shoppers Stop Limited
JKPAPER,JK Paper Limited
CAPLIPOINT,Caplin Point Laboratories Limited
TATVA,Tatva Chintan Pharma Chem Limited
GESHIP,The Great Eastern Shipping Company Limited
BHARATRAS,Bharat Rasayan Limited
INGERRAND,Ingersoll Rand (India) Limited
LEMONTREE,Lemon Tree Hotels Limited
ROSSARI,Rossari Biotech Limited
CRAFTSMAN,Craftsman Automation Limited
RBA,Restaurant Brands Asia Limited
HIKAL,Hikal Limited
MINDACORP,Minda Corporation Limited
RCF,Rashtriya Chemicals and Fertilizers Limited
BARBEQUE,Barbeque Nation Hospitality Limited
TEJASNET,Tejas Networks Limited
JINDALPOLY,Jindal Poly Films Limited
RESPONIND,Responsive Industries Limited
MAZDOCK,Mazagon Dock Shipbuilders Limited
JCHAC,Johnson Controls - Hitachi Air Conditioning India Limited
KRBL,KRBL Limited
SWANENERGY,Swan Energy Limited
SUPRAJIT,Suprajit Engineering Limited
VSTIND,VST Industries Limited
TCNSBRANDS,TCNS Clothing Co. Limited
JPPOWER,Jaiprakash Power Ventures Limited
ESABINDIA,Esab India Limited
TCI,Transport Corporation of India Limited
RALLIS,Rallis India Limited
IBREALEST,Indiabulls Real Estate Limited
MHRIL,Mahindra Holidays & Resorts India Limited
KSB,Ksb Limited
RPOWER,Reliance Power Limited
JSWHL,JSW Holdings Limited
PDSL,PDS Limited
VIJAYA,Vijaya Diagnostic Centre Limited
GREAVESCOT,Greaves Cotton Limited
GLOBUSSPR,Globus Spirits Limited
UFLEX,UFLEX Limited
GREENLAM,Greenlam Industries Limited
MOIL,MOIL Limited
WELCORP,Welspun Corp Limited
VRLLOG,VRL Logistics Limited
NEOGEN,Neogen Chemicals Limited
FDC,FDC Limited
PCBL,PCBL LIMITED
HEIDELBERG,HeidelbergCement India Limited
HGS,Hinduja Global Solutions Limited
IFBIND,IFB Industries Limited
MAHSCOOTER,Maharashtra Scooters Limited
TINPLATE,The Tinplate Company of India Limited
RELIGARE,Religare Enterprises Limited
NOCIL,NOCIL Limited
THYROCARE,Thyrocare Technologies Limited
USHAMART,Usha Martin Limited
ICRA,ICRA Limited
SARDAEN,Sarda Energy & Minerals Limited
CMSINFO,CMS Info Systems Limited
TATACOFFEE,Tata Coffee Limited
MFL,Meghmani Finechem Limited
SHAREINDIA,Share India Securities Limited
AARTIDRUGS,Aarti Drugs Limited
SUPRIYA,Supriya Lifescience Limited
JAMNAAUTO,Jamna Auto Industries Limited
DALMIASUG,Dalmia Bharat Sugar and Industries Limited
NESCO,Nesco Limited
MANINFRA,Man Infraconstruction Limited
COCHINSHIP,Cochin Shipyard Limited
MAITHANALL,Maithan Alloys Limited
LAOPALA,La Opala RG Limited
WOCKPHARMA,Wockhardt Limited
BOROLTD,Borosil Limited
ISGEC,Isgec Heavy Engineering Limited
CEATLTD,CEAT Limited
ARVINDFASN,Arvind Fashions Limited
HCG,Healthcare Global Enterprises Limited
DHANI,Dhani Services Limited
IRCON,Ircon International Limited
TARSONS,Tarsons Products Limited
KARURVYSYA,Karur Vysya Bank Limited
MAHSEAMLES,Maharashtra Seamless Limited
STARCEMENT,Star Cement Limited
GPPL,Gujarat Pipavav Port Limited
VAKRANGEE,Vakrangee Limited
CSBBANK,CSB Bank Limited
AMIORG,Ami Organics Limited
DATAPATTNS,Data Patterns (India) Limited
EQUITAS,Equitas Holdings Limited
HGINFRA,H.G. Infra Engineering Limited
MAHLOG,Mahindra Logistics Limited
SUDARSCHEM,Sudarshan Chemical Industries Limited
ENGINERSIN,Engineers India Limited
RATEGAIN,Rategain Travel Technologies Limited
NCC,NCC Limited
DHAMPURSUG,Dhampur Sugar Mills Limited
DBL,Dilip Buildcon Limited
SANSERA,Sansera Engineering Limited
RUPA,Rupa & Company Limited
INDOCO,Indoco Remedies Limited
SHILPAMED,Shilpa Medicare Limited
ASTEC,Astec LifeSciences Limited
ROLEXRINGS,Rolex Rings Limited
SEAMECLTD,Seamec Limited
PAISALO,Paisalo Digital Limited
DHANUKA,Dhanuka Agritech Limited
GATEWAY,Gateway Distriparks Limited
BANARISUG,Bannari Amman Sugars Limited
SEQUENT,Sequent Scientific Limited
HEMIPROP,Hemisphere Properties India Limited
NEWGEN,Newgen Software Technologies Limited
ITDC,India Tourism Development Corporation Limited
TATASTLLP,Tata Steel Long Products Limited
KSCL,Kaveri Seed Company Limited
AHLUCONT,Ahluwalia Contracts (India) Limited
ADVENZYMES,Advanced Enzyme Technologies Limited
COSMOFILMS,Cosmo Films Limited
ICIL,Indo Count Industries Limited
INDIAGLYCO,India Glycols Limited
DOLLAR,Dollar Industries Limited
TEGA,Tega Industries Limited
HSCL,Himadri Speciality Chemical Limited
STAR,Strides Pharma Science Limited
MIDHANI,Mishra Dhatu Nigam Limited
IPL,India Pesticides Limited
HATHWAY,Hathway Cable & Datacom Limited
NILKAMAL,Nilkamal Limited
VENKEYS,Venky's (India) Limited
J&KBANK,The Jammu & Kashmir Bank Limited
DISHTV,Dish TV India Limited
ARVIND,Arvind Limited
RSYSTEMS,R Systems International Limited
HIL,HIL Limited
RELINFRA,Reliance Infrastructure Limited
MASFIN,MAS Financial Services Limited
ORIENTCEM,Orient Cement Limited
HINDOILEXP,Hindustan Oil Exploration Company Limited
DCAL,Dishman Carbogen Amcis Limited
SAGCEM,Sagar Cements Limited
JKTYRE,JK Tyre & Industries Limited
JINDALSAW,Jindal Saw Limited
RTNPOWER,RattanIndia Power Limited
ACE,Action Construction Equipment Limited
FILATEX,Filatex India Limited
SCHNEIDER,Schneider Electric Infrastructure Limited
TIPSINDLTD,TIPS Industries Limited
TASTYBITE,Tasty Bite Eatables Limited
SOMANYCERA,Somany Ceramics Limited
OPTIEMUS,Optiemus Infracom Limited
PFOCUS,Prime Focus Limited
TECHNOE,Techno Electric & Engineering Company Limited
TIRUMALCHM,Thirumalai Chemicals Limited
SELMC,SEL Manufacturing Company Limited
RAILTEL,Railtel Corporation Of India Limited
CARTRADE,Cartrade Tech Limited
GREENPLY,Greenply Industries Limited
IIFLSEC,IIFL Securities Limited
DODLA,Dodla Dairy Limited
MOL,Meghmani Organics Limited
SHIL,Somany Home Innovation Limited
RAJRATAN,Rajratan Global Wire Limited
INDOSTAR,IndoStar Capital Finance Limited
NFL,National Fertilizers Limited
GRSE,Garden Reach Shipbuilders & Engineers Limited
THOMASCOOK,Thomas Cook  (India)  Limited
AUTOAXLES,Automotive Axles Limited
UJJIVANSFB,Ujjivan Small Finance Bank Limited
DBREALTY,D B Realty Limited
EKC,Everest Kanto Cylinder Limited
KIRIINDUS,Kiri Industries Limited
PURVA,Puravankara Limited
SSWL,Steel Strips Wheels Limited
ANANDRATHI,Anand Rathi Wealth Limited
RKFORGE,Ramkrishna Forgings Limited
VALIANTORG,Valiant Organics Limited
DAAWAT,LT Foods Limited
APARINDS,Apar Industries Limited
BUTTERFLY,Butterfly Gandhimathi Appliances Limited
BBOX,Black Box Limited
INOXWIND,Inox Wind Limited
PARAS,Paras Defence and Space Technologies Limited
IONEXCHANG,ION Exchange (India) Limited
TATAMETALI,Tata Metaliks Limited
EVEREADY,Eveready Industries India Limited
PTC,PTC India Limited
JISLJALEQS,Jain Irrigation Systems Limited
HERANBA,Heranba Industries Limited
GUFICBIO,Gufic Biosciences Limited
TIIL,Technocraft Industries (India) Limited
BLS,BLS International Services Limited
BAJAJCON,Bajaj Consumer Care Limited
ASHOKA,Ashoka Buildcon Limited
SOLARA,Solara Active Pharma Sciences Limited
GOKEX,Gokaldas Exports Limited
HCC,Hindustan Construction Company Limited
OAL,Oriental Aromatics Limited
DWARKESH,Dwarikesh Sugar Industries Limited
GET&D,GE T&D India Limited
IFCI,IFCI Limited
AMRUTANJAN,Amrutanjan Health Care Limited
POKARNA,Pokarna Limited
HESTERBIO,Hester Biosciences Limited
MOLDTKPAC,Mold-Tek Packaging Limited
SURYAROSNI,Surya Roshni Limited
KIRLOSBROS,Kirloskar Brothers Limited
IMFA,Indian Metals & Ferro Alloys Limited
SHARDAMOTR,Sharda Motor Industries Limited
GANESHHOUC,Ganesh Housing Corporation Limited
TVTODAY,TV Today Network Limited
ACRYSIL,Acrysil Limited
WSTCSTPAPR,West Coast Paper Mills Limited
GRAVITA,Gravita India Limited
SAFARI,Safari Industries (India) Limited
JAYNECOIND,Jayaswal Neco Industries Limited
IGPL,IG Petrochemicals Limited
DCBBANK,DCB Bank Limited
MSTCLTD,Mstc Limited
KOLTEPATIL,Kolte - Patil Developers Limited
SUBROS,Subros Limited
SPANDANA,Spandana Sphoorty Financial Limited
GULFOILLUB,Gulf Oil Lubricants India Limited
BEPL,Bhansali Engineering Polymers Limited
STEELXIND,STEEL EXCHANGE INDIA LIMITED
FINOPB,Fino Payments Bank Limited
VIDHIING,Vidhi Specialty Food Ingredients Limited
IOLCP,IOL Chemicals and Pharmaceuticals Limited
VSTTILLERS,V.S.T Tillers Tractors Limited
ANDHRSUGAR,The Andhra Sugars Limited
VESUVIUS,Vesuvius India Limited
NBVENTURES,Nava Bharat Ventures Limited
ATFL,Agro Tech Foods Limited
MMFL,MM Forgings Limited
JPASSOCIAT,Jaiprakash Associates Limited
BOMDYEING,Bombay Dyeing & Mfg Company Limited
SHK,S H Kelkar and Company Limited
GMRP&UI,GMR Power and Urban Infra Limited
NAVNETEDUL,Navneet Education Limited
GATI,GATI Limited
STOVEKRAFT,Stove Kraft Limited
FCL,Fineotex Chemical Limited
MUKANDLTD,Mukand Limited
AVTNPL,AVT Natural Products Limited
VOLTAMP,Voltamp Transformers Limited
SBCL,Shivalik Bimetal Controls Limited
SIYSIL,Siyaram Silk Mills Limited
FAIRCHEMOR,Fairchem Organics Limited
JAICORPLTD,Jai Corp Limited
GTPL,GTPL Hathway Limited
ASTRAMICRO,Astra Microwave Products Limited
ANANTRAJ,Anant Raj Limited
PSPPROJECT,PSP Projects Limited
TIDEWATER,Tide Water Oil Company (India) Limited
MIRZAINT,Mirza International Limited
BALMLAWRIE,Balmer Lawrie & Company Limited
HSIL,HSIL Limited
VISHNU,Vishnu Chemicals Limited
KIRLOSENG,Kirloskar Oil Engines Limited
APOLLOPIPE,Apollo Pipes Limited
CHENNPETRO,Chennai Petroleum Corporation Limited
GTLINFRA,GTL Infrastructure Limited
PILANIINVS,Pilani Investment and Industries Corporation Limited
MANALIPETC,Manali Petrochemicals Limited
MARKSANS,Marksans Pharma Limited
APCOTEXIND,Apcotex Industries Limited
ALEMBICLTD,Alembic Limited
NAHARSPING,Nahar Spinning Mills Limited
GENUSPOWER,Genus Power Infrastructures Limited
UNICHEMLAB,Unichem Laboratories Limited
RAMCOIND,Ramco Industries Limited
BAJAJHIND,Bajaj Hindusthan Sugar Limited
SUBEXLTD,Subex Limited
JTEKTINDIA,Jtekt India Limited
SHANKARA,Shankara Building Products Limited
GENESYS,Genesys International Corporation Limited
PUNJABCHEM,Punjab Chemicals & Crop Protection Limited
CAMLINFINE,Camlin Fine Sciences Limited
CONFIPET,Confidence Petroleum India Limited
DATAMATICS,Datamatics Global Services Limited
DEN,Den Networks Limited
HBLPOWER,HBL Power Systems Limited
INFOBEAN,InfoBeans Technologies Limited
WABAG,VA Tech Wabag Limited
XPROINDIA,Xpro India Limited
STYLAMIND,Stylam Industries Limited
KTKBANK,The Karnataka Bank Limited
EXCELINDUS,Excel Industries Limited
INDORAMA,Indo Rama Synthetics (India) Limited
EXPLEOSOL,Expleo Solutions Limited
INEOSSTYRO,INEOS Styrolution India Limited
JAGRAN,Jagran Prakashan Limited
ORISSAMINE,The Orissa Minerals Development Company Limited
ELECTCAST,Electrosteel Castings Limited
FRETAIL,Future Retail Limited
LGBBROSLTD,LG Balakrishnan & Bros Limited
KABRAEXTRU,Kabra Extrusion Technik Limited
KITEX,Kitex Garments Limited
BECTORFOOD,Mrs. Bectors Food Specialities Limited
GOLDIAM,Goldiam International Limited
MOREPENLAB,Morepen Laboratories Limited
NELCO,NELCO Limited
RGL,Renaissance Global Limited
GULPOLY,Gulshan Polyols Limited
ZENTEC,Zen Technologies Limited
GRWRHITECH,Garware Hi-Tech Films Limited
DIAMONDYD,Prataap Snacks Limited
ELECON,Elecon Engineering Company Limited
GABRIEL,Gabriel India Limited
NACLIND,NACL Industries Limited
PANAMAPET,Panama Petrochem Limited
MAYURUNIQ,Mayur Uniquoters Ltd
SWARAJENG,Swaraj Engines Limited
GANECOS,Ganesha Ecosphere Limited
PRICOLLTD,Pricol Limited
SOUTHBANK,The South Indian Bank Limited
ADFFOODS,ADF Foods Limited
SHRIPISTON,Shriram Pistons & Rings Limited
PGEL,PG Electroplast Limited
RPSGVENT,RPSG VENTURES LIMITED
SUNDARMHLD,Sundaram Finance Holdings Limited
MATRIMONY,Matrimony.Com Limited
KRSNAA,Krsnaa Diagnostics Limited
KINGFA,Kingfa Science & Technology (India) Limited
MAXVIL,Max Ventures and Industries Limited
KIRLOSIND,Kirloskar Industries Limited
JSWISPL,JSW Ispat Special Products Limited
CARERATING,CARE Ratings Limited
DBCORP,D.B.Corp Limited
CANTABIL,Cantabil Retail India Limited
THANGAMAYL,Thangamayil Jewellery Limited
GEOJITFSL,Geojit Financial Services Limited
KCP,KCP Limited
HERITGFOOD,Heritage Foods Limited
DFMFOODS,DFM Foods Limited
HIMATSEIDE,Himatsingka Seide Limited
FMGOETZE,Federal-Mogul Goetze (India) Limited.
NDTV,New Delhi Television Limited
OMAXE,Omaxe Limited
SPIC,Southern Petrochemicals Industries Corporation  Limited
AVADHSUGAR,Avadh Sugar & Energy Limited
SOTL,Savita Oil Technologies Limited
TIMETECHNO,Time Technoplast Limited
GALLISPAT,Gallantt Ispat Limited
MTNL,Mahanagar Telephone Nigam Limited
JYOTISTRUC,Jyoti Structures Limited
APTECHT,Aptech Limited
ASHIANA,Ashiana Housing Limited
ACCELYA,Accelya Solutions India Limited
SHANTIGEAR,Shanthi Gears Limited
NAHARPOLY,Nahar Poly Films Limited
SASKEN,Sasken Technologies Limited
NURECA,Nureca Limited
GOCLCORP,GOCL Corporation Limited
PRAKASH,Prakash Industries Limited
DYNAMATECH,Dynamatic Technologies Limited
NXTDIGITAL,NXTDIGITAL LIMITED
KOPRAN,Kopran Limited
AMBIKCO,Ambika Cotton Mills Limited
JMCPROJECT,JMC Projects (India)  Limited
SHIVALIK,Shivalik Rasayan Limited
TEXRAIL,Texmaco Rail & Engineering Limited
EIHAHOTELS,EIH Associated Hotels Limited
WONDERLA,Wonderla Holidays Limited
NEULANDLAB,Neuland Laboratories Limited
SHRIRAMPPS,Shriram Properties Limited
SANDHAR,Sandhar Technologies Limited
DPSCLTD,DPSC Limited
GMBREW,GM Breweries Limited
KSL,Kalyani Steels Limited
THEJO,Thejo Engineering Limited
SIRCA,Sirca Paints India Limited
KESORAMIND,Kesoram Industries Limited
NITINSPIN,Nitin Spinners Limited
SHALBY,Shalby Limited
JKIL,J.Kumar Infraprojects Limited
LSIL,Lloyds Steels Industries Limited
PRECAM,Precision Camshafts Limited
HONDAPOWER,Honda India Power Products Limited
SJS,S.J.S. Enterprises Limited
63MOONS,63 moons technologies limited
UJJIVAN,Ujjivan Financial Services Limited
BODALCHEM,Bodal Chemicals Limited
WHEELS,Wheels India Limited
KDDL,KDDL Limited
POWERMECH,Power Mech Projects Limited
KKCL,Kewal Kiran Clothing Limited
TVSSRICHAK,TVS Srichakra Limited
KHAICHEM,Khaitan Chemicals & Fertilizers Limited
RAMKY,Ramky Infrastructure Limited
VINDHYATEL,Vindhya Telelinks Limited
CENTENKA,Century Enka Limited
TWL,Titagarh Wagons Limited
INSECTICID,Insecticides (India) Limited
ONMOBILE,OnMobile Global Limited
HMT,HMT Limited
AGSTRA,AGS Transact Technologies Limited
CIGNITITEC,Cigniti Technologies Limited
NUCLEUS,Nucleus Software Exports Limited
ESTER,Ester Industries Limited
PATELENG,Patel Engineering Limited
FIEMIND,Fiem Industries Limited
SUVEN,Suven Life Sciences Limited
RIIL,Reliance Industrial Infrastructure Limited
UGROCAP,Ugro Capital Limited
TTKHLTCARE,TTK Healthcare Limited
SUTLEJTEX,Sutlej Textiles and Industries Limited
ANDHRAPAP,ANDHRA PAPER LIMITED
ASHAPURMIN,Ashapura Minechem Limited
ORCHPHARMA,Orchid Pharma Limited
BFUTILITIE,BF Utilities Limited
AJMERA,Ajmera Realty & Infra India Limited
TNPL,Tamil Nadu Newsprint & Papers Limited
VHL,Vardhman Holdings Limited
COFFEEDAY,Coffee Day Enterprises Limited
LUMAXTECH,Lumax Auto Technologies Limited
HUHTAMAKI,Huhtamaki India Limited
SASTASUNDR,Sastasundar Ventures Limited
SUNFLAG,Sunflag Iron And Steel Company Limited
ORIENTHOT,Oriental Hotels Limited
IGARASHI,Igarashi Motors India Limited
SANGAMIND,Sangam (India) Limited
EVERESTIND,Everest Industries Limited
NRBBEARING,NRB Bearing Limited
GIPCL,Gujarat Industries Power Company Limited
REPCOHOME,Repco Home Finance Limited
SESHAPAPER,Seshasayee Paper and Boards Limited
SANGHIIND,Sanghi Industries Limited
WELENT,Welspun Enterprises Limited
ITDCEM,ITD Cementation India Limited
TARC,TARC Limited
CENTRUM,Centrum Capital Limited
RUSHIL,Rushil Decor Limited
BCLIND,Bcl Industries Limited
PNBGILTS,PNB Gilts Limited
TDPOWERSYS,TD Power Systems Limited
DCW,DCW Limited
MANGLMCEM,Mangalam Cement Limited
MPSLTD,MPS Limited
ALICON,Alicon Castalloy Limited
GOKULAGRO,Gokul Agro Resources Limited
CLNINDIA,Clariant Chemicals (India) Limited
GNA,GNA Axles Limited
TI,Tilaknagar Industries Limited
ZEEMEDIA,Zee Media Corporation Limited
PITTIENG,Pitti Engineering Limited
QUICKHEAL,Quick Heal Technologies Limited
TNPETRO,Tamilnadu PetroProducts Limited
BFINVEST,BF Investment Limited
MANGCHEFER,Mangalore Chemicals & Fertilizers Limited
SATIA,Satia Industries Limited
GEPIL,GE Power India Limited
VISAKAIND,Visaka Industries Limited
5PAISA,5Paisa Capital Limited
VADILALIND,Vadilal Industries Limited
WENDT,Wendt (India) Limited
KPIGLOBAL,K.P.I. Global Infrastructure Limited
MONTECARLO,Monte Carlo Fashions Limited
PFS,PTC India Financial Services Limited
UNIDT,United Drilling Tools Limited
SHREDIGCEM,Shree Digvijay Cement Co.Ltd
NAHARCAP,Nahar Capital and Financial Services Limited
EMAMIPAP,Emami Paper Mills Limited
BBL,Bharat Bijlee Limited
CHEMCON,Chemcon Speciality Chemicals Limited
BANCOINDIA,Banco Products (I) Limited
PCJEWELLER,PC Jeweller Limited
BHAGERIA,Bhageria Industries Limited
ENIL,Entertainment Network (India) Limited
RSWM,RSWM Limited
INDNIPPON,India Nippon Electricals Limited
TAJGVK,Taj GVK Hotels & Resorts Limited
CEREBRAINT,Cerebra Integrated Technologies Limited
IMPAL,India Motor Parts and Accessories Limited
SAKSOFT,Saksoft Limited
BAJAJHCARE,Bajaj Healthcare Limited
SURYODAY,Suryoday Small Finance Bank Limited
IFGLEXPOR,IFGL Refractories Limited
UNIENTER,Uniphos Enterprises Limited
ASAL,Automotive Stampings and Assemblies Limited
RPGLIFE,RPG Life Sciences Limited
VSSL,Vardhman Special Steels Limited
PARAGMILK,Parag Milk Foods Limited
PGIL,Pearl Global Industries Limited
GREENPOWER,Orient Green Power Company Limited
NSIL,Nalwa Sons Investments Limited
URJA,Urja Global Limited
FCONSUMER,Future Consumer Limited
PANACEABIO,Panacea Biotec Limited
DHARAMSI,The Dharamsi Morarji Chemical Company Limited
HEXATRADEX,Hexa Tradex Limited
NDL,Nandan Denim Limited
JETAIRWAYS,Jet Airways (India) Limited
XCHANGING,Xchanging Solutions Limited
RADIOCITY,Music Broadcast Limited
AGARIND,Agarwal Industrial Corporation Limited
SIGACHI,Sigachi Industries Limited
MBAPL,Madhya Bharat Agro Products Limited
SMCGLOBAL,SMC Global Securities Limited
FOSECOIND,Foseco India Limited
DREDGECORP,Dredging Corporation of India Limited
PRECWIRE,Precision Wires India Limited
SPAL,S. P. Apparels Limited
APEX,Apex Frozen Foods Limited
ARVSMART,Arvind SmartSpaces Limited
CREATIVE,Creative Newtech Limited
GFLLIMITED,GFL Limited
INDIANHUME,Indian Hume Pipe Company Limited
SHREEPUSHK,Shree Pushkar Chemicals & Fertilisers Limited
THEMISMED,Themis Medicare Limited
3IINFOLTD,3i Infotech Limited
ASALCBR,Associated Alcohols & Breweries Ltd.
SHALPAINTS,Shalimar Paints Limited
ADORWELD,Ador Welding Limited
BHAGCHEM,Bhagiradha Chemicals & Industries Limited
SHAKTIPUMP,Shakti Pumps (India) Limited
ARMANFIN,Arman Financial Services Limited
RANEHOLDIN,Rane Holdings Limited
DPABHUSHAN,D. P. Abhushan Limited
LUMAXIND,Lumax Industries Limited
UTTAMSUGAR,Uttam Sugar Mills Limited
ARIHANTCAP,Arihant Capital Markets Limited
KRISHANA,Krishana Phoschem Limited
JAGSNPHARM,Jagsonpal Pharmaceuticals Limited
SHREYAS,Shreyas Shipping & Logistics Limited
RAMCOSYS,Ramco Systems Limited
SRHHYPOLTD,Sree Rayalaseema Hi-Strength Hypo Limited
KELLTONTEC,Kellton Tech Solutions Limited
NCLIND,NCL Industries Limited
DVL,Dhunseri Ventures Limited
DCMSRIND,DCM Shriram Industries Limited
BLISSGVS,Bliss GVS Pharma Limited
OCCL,Oriental Carbon & Chemicals Limited
MADRASFERT,Madras Fertilizers Limited
SANGHVIMOV,Sanghvi Movers Limited
ALLSEC,Allsec Technologies Limited
SMSPHARMA,SMS Pharmaceuticals Limited
ONWARDTEC,Onward Technologies Limited
ANUP,The Anup Engineering Limited
MEDICAMEQ,Medicamen Biotech Limited
IWEL,Inox Wind Energy Limited
DECCANCE,Deccan Cements Limited
NAGAFERT,Nagarjuna Fertilizers and Chemicals Limited
HTMEDIA,HT Media Limited
UGARSUGAR,The Ugar Sugar Works Limited
MANORG,Mangalam Organics Limited
SATIN,Satin Creditcare Network Limited
SPECIALITY,Speciality Restaurants Limited
ARSHIYA,Arshiya Limited
ZOTA,Zota Health Care LImited
JAYAGROGN,Jayant Agro Organics Limited
AURIONPRO,Aurionpro Solutions Limited
CAPACITE,Capacit'e Infraprojects Limited
AWHCL,Antony Waste Handling Cell Limited
SEPC,SEPC Limited
RCOM,Reliance Communications Limited
ISMTLTD,ISMT Limited
ORIENTBELL,Orient Bell Limited
DEEPINDS,Deep Industries Limited
TEXINFRA,Texmaco Infrastructure & Holdings Limited
ORIENTPPR,Orient Paper & Industries Limited
SPENCERS,Spencer's Retail Limited
GOODLUCK,Goodluck India Limited
HPAL,HP Adhesives Limited
BALAJITELE,Balaji Telefilms Limited
SMLISUZU,SML Isuzu Limited
ROSSELLIND,Rossell India Limited
DIGISPICE,DiGiSPICE Technologies Limited
GICHSGFIN,GIC Housing Finance Limited
STEELCAS,Steelcast Limited
JUBLINDS,Jubilant Industries Limited
KUANTUM,Kuantum Papers Limited
VIMTALABS,Vimta Labs Limited
FLFL,Future Lifestyle Fashions Limited
JINDRILL,Jindal Drilling And Industries Limited
KICL,Kalyani Investment Company Limited
FCSSOFT,FCS Software Solutions Limited
YUKEN,Yuken India Limited
DYNPRO,Dynemic Products Limited
TCPLPACK,TCPL Packaging Limited
NAHARINDUS,Nahar Industrial Enterprises Limited
PARSVNATH,Parsvnath Developers Limited
SUMMITSEC,Summit Securities Limited
BIGBLOC,Bigbloc Construction Limited
EQUIPPP,Equippp Social Impact Technologies Limited
IFBAGRO,IFB Agro Industries Limited
GANESHBE,Ganesh Benzoplast Limited
RAJMET,Rajnandini Metal Limited
LINCOLN,Lincoln Pharmaceuticals Limited
KAMDHENU,Kamdhenu Limited
ADSL,Allied Digital Services Limited
VLSFINANCE,VLS Finance Limited
JAYBARMARU,Jay Bharat Maruti Limited
HCL-INSYS,HCL Infosystems Limited
JASH,Jash Engineering Limited
ARTEMISMED,Artemis Medicare Services Limited
SALASAR,Salasar Techno Engineering Limited
HLVLTD,HLV LIMITED
UNIVPHOTO,Universus Photo Imagings Limited
BLKASHYAP,B. L. Kashyap and Sons Limited
MONARCH,Monarch Networth Capital Limited
KANORICHEM,Kanoria Chemicals & Industries Limited
BGRENERGY,BGR Energy Systems Limited
KOKUYOCMLN,Kokuyo Camlin Limited
HITECH,Hi-Tech Pipes Limited
APCL,Anjani Portland Cement Limited
BINDALAGRO,Oswal Chemicals & Fertilizers Limited
CONTROLPR,Control Print Limited
STCINDIA,The State Trading Corporation of India Limited
CENTUM,Centum Electronics Limited
KBCGLOBAL,KBC Global Limited
THEINVEST,The Investment Trust Of India Limited
SWELECTES,Swelect Energy Systems Limited
LIKHITHA,Likhitha Infrastructure Limited
RML,Rane (Madras) Limited
AARTISURF,Aarti Surfactants Limited
AYMSYNTEX,AYM Syntex Limited
ZUARI,Zuari Agro Chemicals Limited
ASIANTILES,Asian Granito India Limited
TALBROAUTO,Talbros Automotive Components Limited
SVPGLOB,SVP GLOBAL TEXTILES LIMITED
INTLCONV,International Conveyors Limited
SKIPPER,Skipper Limited
SOUTHWEST,South West Pinnacle Exploration Limited
SHYAMCENT,Shyam Century Ferrous Limited
MANINDS,Man Industries (India) Limited
NBIFIN,N. B. I. Industrial Finance Company Limited
MARATHON,Marathon Nextgen Realty Limited
BETA,Beta Drugs Limited
TFCILTD,Tourism Finance Corporation of India Limited
SUULD,Suumaya Industries Limited
ARIHANTSUP,Arihant Superstructures Limited
NECLIFE,Nectar Lifesciences Limited
RUBYMILLS,The Ruby Mills Limited
MGEL,Mangalam Global Enterprise Limited
INDRAMEDCO,Indraprastha Medical Corporation Limited
KRITI,Kriti Industries (India) Limited
RAMASTEEL,Rama Steel Tubes Limited
UNITECH,Unitech Limited
ZUARIGLOB,Zuari Global Limited
DELPHIFX,DELPHI WORLD MONEY LIMITED
EXXARO,Exxaro Tiles Limited
MAWANASUG,Mawana Sugars Limited
CREST,Crest Ventures Limited
PLASTIBLEN,Plastiblends India Limited
NELCAST,Nelcast Limited
BBTCL,B&B Triplewall Containers Limited
SNOWMAN,Snowman Logistics Limited
VASCONEQ,Vascon Engineers Limited
KOTHARIPET,Kothari Petrochemicals Limited
CLSEL,Chaman Lal Setia Exports Limited
V2RETAIL,V2 Retail Limited
REPRO,Repro India Limited
BASML,Bannari Amman Spinning Mills Limited
MMP,MMP Industries Limited
MENONBE,Menon Bearings Limited
DLINKINDIA,D-Link (India) Limited
SANDESH,The Sandesh Limited
YAARI,Yaari Digital Integrated Services Limited
ORICONENT,Oricon Enterprises Limited
VIKASLIFE,Vikas Lifecare Limited
VIKASLIFE,Vikas Lifecare Limited
PENIND,Pennar Industries Limited
GALLANTT,Gallantt Metal Limited
STERTOOLS,Sterling Tools Limited
JAIBALAJI,Jai Balaji Industries Limited
MANAKSIA,Manaksia Limited
VINYLINDIA,Vinyl Chemicals (India) Limited
CYBERTECH,Cybertech Systems And Software Limited
NAVKARCORP,Navkar Corporation Limited
AXISCADES,AXISCADES Technologies Limited
TVSELECT,TVS Electronics Limited
GOACARBON,Goa Carbon Limited
RBL,Rane Brake Lining Limited
SARLAPOLY,Sarla Performance Fibers Limited
MALLCOM,Mallcom (India) Limited
BIRLACABLE,Birla Cable Limited
INNOVANA,Innovana Thinklabs Limited
INDOBORAX,Indo Borax & Chemicals Limited
SREEL,Sreeleathers Limited
WINDLAS,Windlas Biotech Limited
KAYA,Kaya Limited
TBZ,Tribhovandas Bhimji Zaveri Limited
SADBHAV,Sadbhav Engineering Limited
NRAIL,N R Agarwal Industries Limited
GANDHITUBE,Gandhi Special Tubes Limited
HMVL,Hindustan Media Ventures Limited
SEJALLTD,Sejal Glass Limited
CONSOFINVT,Consolidated Finvest & Holdings Limited
HERCULES,Hercules Hoists Limited
MAGADSUGAR,Magadh Sugar & Energy Limited
DPWIRES,D P Wires Limited
UNIVCABLES,Universal Cables Limited
RANASUG,Rana Sugars Limited
MIRCELECTR,MIRC Electronics Limited
PTL,PTL Enterprises Limited
DUCON,Ducon Infratechnologies Limited
TRIL,Transformers And Rectifiers (India) Limited
SDBL,Som Distilleries & Breweries Limited
GAYAPROJ,Gayatri Projects Limited
ASIANENE,Asian Energy Services Limited
DCMNVL,DCM Nouvelle Limited
VISESHINFO,Visesh Infotecnics Limited
VARDHACRLC,Vardhman Acrylics Limited
BHARATWIRE,Bharat Wire Ropes Limited
ANDHRACEMT,Andhra Cements Limited
TAKE,Take Solutions Limited
MUTHOOTCAP,Muthoot Capital Services Limited
RICOAUTO,Rico Auto Industries Limited
ADVANIHOTR,Advani Hotels & Resorts (India) Limited
FOODSIN,Foods & Inns Limited
RELCAPITAL,Reliance Capital Limited
KSOLVES,Ksolves India Limited
TRIGYN,Trigyn Technologies Limited
LINC,Linc Limited
MSPL,MSP Steel & Power Limited
BSHSL,Bombay Super Hybrid Seeds Limited
HPL,HPL Electric & Power Limited
COASTCORP,Coastal Corporation Limited
MUNJALAU,Munjal Auto Industries Limited
NATHBIOGEN,Nath Bio-Genes (India) Limited
ZEELEARN,Zee Learn Limited
XELPMOC,Xelpmoc Design And Tech Limited
HITECHGEAR,The Hi-Tech Gears Limited
GODHA,Godha Cabcon & Insulation Limited
KHADIM,Khadim India Limited
OMINFRAL,OM INFRA LIMITED
MAXIND,Max India Limited
INDOTHAI,Indo Thai Securities Limited
INDSWFTLAB,Ind-Swift Laboratories Limited
MUNJALSHOW,Munjal Showa Limited
HITECHCORP,Hitech Corporation Limited
CEBBCO,Commercial Engineers & Body Builders Co Limited
HINDCOMPOS,Hindustan Composites Limited
LYKALABS,Lyka Labs Limited
UFO,UFO Moviez India Limited
KNAGRI,KN Agri Resources Limited
JPINFRATEC,Jaypee Infratech Limited
KOTHARIPRO,Kothari Products Limited
DHUNINV,Dhunseri Investments Limited
VISHWARAJ,Vishwaraj Sugar Industries Limited
PRECOT,Precot Limited
MEGASOFT,Megasoft Limited
MARINE,Marine Electricals (India) Limited
GINNIFILA,Ginni Filaments Limited
REPL,Rudrabhishek Enterprises Limited
PPL,Prakash Pipes Limited
PDMJEPAPER,Pudumjee Paper Products Limited
SHEMAROO,Shemaroo Entertainment Limited
SHIVAMAUTO,Shivam Autotech Limited
OSWALAGRO,Oswal Agro Mills Limited
BANSWRAS,Banswara Syntex Limited
PRAXIS,Praxis Home Retail Limited
ACCURACY,Accuracy Shipping Limited
VENUSREM,Venus Remedies Limited
GENUSPAPER,Genus Paper & Boards Limited
GSCLCEMENT,Gujarat Sidhee Cement Limited
ATULAUTO,Atul Auto Limited
ORIENTABRA,Orient Abrasives Limited
CLEDUCATE,CL Educate Limited
CHEMFAB,Chemfab Alkalis Limited
MEP,MEP Infrastructure Developers Limited
SILINV,SIL Investments Limited
BALAXI,BALAXI PHARMACEUTICALS LIMITED
NRL,Nupur Recyclers Limited
HDIL,Housing Development and Infrastructure Limited
SPTL,Sintex Plastics Technology Limited
PASUPTAC,Pasupati Acrylon Limited
WEBELSOLAR,Websol Energy System Limited
ASAHISONG,Asahi Songwon Colors Limited
AURUM,Aurum PropTech Limited
DIL,Debock Industries Limited
VIKASECO,Vikas EcoTech Limited
MARALOVER,Maral Overseas Limited
SCHAND,S Chand And Company Limited
BIRLAMONEY,Aditya Birla Money Limited
PREMEXPLN,Premier Explosives Limited
HUBTOWN,Hubtown Limited
ORBTEXP,Orbit Exports Limited
ROHLTD,Royal Orchid Hotels Limited
MINDTECK,Mindteck (India) Limited
DANGEE,Dangee Dums Limited
PROZONINTU,Prozone Intu Properties Limited
IRISDOREME,Iris Clothings Limited
GKWLIMITED,GKW Limited
SADBHIN,Sadbhav Infrastructure Project Limited
CUPID,Cupid Limited
DICIND,DIC India Limited
GOKUL,Gokul Refoils and Solvent Limited
PODDARMENT,Poddar Pigments Limited
PENINLAND,Peninsula Land Limited
GEECEE,GeeCee Ventures Limited
DHANBANK,Dhanlaxmi Bank Limited
ROHITFERRO,Rohit Ferro-Tech Limited
KREBSBIO,Krebs Biochemicals and Industries Limited
MAHESHWARI,Maheshwari Logistics Limited
BPL,BPL Limited
HIRECT,Hind Rectifiers Limited
BIL,Bhartiya International Limited
ALBERTDAVD,Albert David Limited
JPOLYINVST,Jindal Poly Investment and Finance Company Limited
INVENTURE,Inventure Growth & Securities Limited
CINELINE,Cineline India Limited
BAFNAPH,Bafna Pharmaceuticals Limited
EMKAYTOOLS,Emkay Taps and Cutting Tools Limited
EROSMEDIA,Eros International Media Limited
BIRLATYRE,Birla Tyres Limited
NGIL,Nakoda Group of Industries Limited
KOTARISUG,Kothari Sugars And Chemicals Limited
SALZERELEC,Salzer Electronics Limited
NIPPOBATRY,Indo-National Limited
PENTAGOLD,Penta Gold Limited
KOTYARK,Kotyark Industries Limited
RUCHIRA,Ruchira Papers Limited
WEALTH,Wealth First Portfolio Managers Limited
EIFFL,Euro India Fresh Foods Limited
SELAN,Selan Exploration Technology Limited
AKSHARCHEM,AksharChem India Limited
PRIMESECU,Prime Securities Limited
MANAKSTEEL,Manaksia Steels Limited
KCPSUGIND,KCP Sugar and Industries Corporation Limited
SRPL,Shree Ram Proteins Limited
ISFT,Intrasoft Technologies Limited
WANBURY,Wanbury Limited
SAKUMA,Sakuma Exports Limited
DONEAR,Donear Industries Limited
DTIL,Dhunseri Tea & Industries Limited
SIMPLEXINF,Simplex Infrastructures Limited
AHLEAST,Asian Hotels (East) Limited
EUROBOND,Euro Panel Products Limited
ASHIMASYN,Ashima Limited
ABAN,Aban Offshore Limited
JINDALPHOT,Jindal Photo Limited
KMSUGAR,K.M.Sugar Mills Limited
JAYSREETEA,Jayshree Tea & Industries Limited
PPAP,PPAP Automotive Limited
FEL,Future Enterprises Limited
GOLDTECH,Goldstone Technologies Limited
SHIVATEX,Shiva Texyarn Limited
SECURKLOUD,SECUREKLOUD TECHNOLOGIES LIMITED
KILITCH,Kilitch Drugs (India) Limited
20MICRONS,20 Microns Limited
KANPRPLA,Kanpur Plastipack Limited
SILVERTUC,Silver Touch Technologies Limited
EMKAY,Emkay Global Financial Services Limited
LGBFORGE,LGB Forge Limited
SREINFRA,SREI Infrastructure Finance Limited
WINDMACHIN,Windsor Machines Limited
ALMONDZ,Almondz Global Securities Limited
MBLINFRA,MBL Infrastructures Limited
JITFINFRA,JITF Infralogistics Limited
MAHEPC,Mahindra EPC Irrigation Limited
SGIL,Synergy Green Industries Limited
HINDMOTORS,Hindustan Motors Limited
AAKASH,Aakash Exploration Services Limited
RAMANEWS,Shree Rama Newsprint Limited
REFEX,Refex Industries Limited
LIBERTSHOE,Liberty Shoes Limited
ZODIACLOTH,Zodiac Clothing Company Limited
SITINET,Siti Networks Limited
STARPAPER,Star Paper Mills Limited
UCALFUEL,Ucal Fuel Systems Limited
APOLLO,Apollo Micro Systems Limited
GUJAPOLLO,Gujarat Apollo Industries Limited
HARRMALAYA,Harrisons  Malayalam Limited
ARTNIRMAN,Art Nirman Limited
BRNL,Bharat Road Network Limited
CHEMBOND,Chembond Chemicals Ltd
MCLEODRUSS,Mcleod Russel India Limited
DSSL,Dynacons Systems & Solutions Limited
SINTERCOM,Sintercom India Limited
NDRAUTO,Ndr Auto Components Limited
SIGMA,Sigma Solve Limited
PIONDIST,Pioneer Distilleries Limited
RNAVAL,Reliance Naval and Engineering Limited
SAKAR,Sakar Healthcare Limited
GULFPETRO,GP Petroleums Limited
INDOTECH,Indo Tech Transformers Limited
INSPIRISYS,Inspirisys Solutions Limited
PANSARI,Pansari Developers Limited
EMAMIREAL,Emami Realty Limited
ANMOL,Anmol India Limited
MOLDTECH,Mold-Tek Technologies Limited
MACPOWER,Macpower CNC Machines Limited
ONEPOINT,One Point One Solutions Limited
AIRAN,Airan Limited
GIRRESORTS,GIR Natureview Resorts Limited
BEDMUTHA,Bedmutha Industries Limited
NILAINFRA,Nila Infrastructures Limited
TEXMOPIPES,Texmo Pipes and Products Limited
SORILINFRA,SORIL Infra Resources Limited
KANANIIND,Kanani Industries Limited
GPTINFRA,GPT Infraprojects Limited
TTL,T T Limited
VIPULLTD,Vipul Limited
MODISNME,Modison Metals Limited
WFL,Wonder Fibromats Limited
APOLSINHOT,Apollo Sindoori Hotels Limited
DENORA,De Nora India Limited
STEL,Stel Holdings Limited
SMSLIFE,SMS Lifesciences India Limited
SPMLINFRA,SPML Infra Limited
IVC,IL&FS Investment Managers Limited
ANSALAPI,Ansal Properties & Infrastructure Limited
RPPL,Rajshree Polypack Limited
PILITA,PIL ITALICA LIFESTYLE LIMITED
BEWLTD,BEW Engineering Limited
SHIGAN,Shigan Quantum Technologies Limited
FSC,Future Supply Chain Solutions Limited
MADHAVBAUG,Vaidya Sane Ayurved Laboratories Limited
REVATHI,Revathi Equipment Limited
AUTOIND,Autoline Industries Limited
RAJTV,Raj Television Network Limited
OSIAHYPER,Osia Hyper Retail Limited
BRFL,Bombay Rayon Fashions Limited
LOVABLE,Lovable Lingerie Limited
CAREERP,Career Point Limited
TEMBO,Tembo Global Industries Limited
ASTRON,Astron Paper & Board Mill Limited
SHAHALLOYS,Shah Alloys Limited
INDTERRAIN,Indian Terrain Fashions Limited
COMPINFO,Compuage Infocom Limited
ELGIRUBCO,Elgi Rubber Company Limited
PONNIERODE,Ponni Sugars (Erode) Limited
ALPHAGEO,Alphageo (India) Limited
PAR,Par Drugs And Chemicals Limited
MAZDA,Mazda Limited
GSS,GSS Infotech Limited
IRIS,Iris Business Services Limited
VIPCLOTHNG,VIP Clothing Limited
RUCHINFRA,Ruchi Infrastructure Limited
WALCHANNAG,Walchandnagar Industries Limited
PASHUPATI,Pashupati Cotspin Limited
CAPTRUST,Capital Trust Limited
ALANKIT,Alankit Limited
SPLIL,SPL Industries Limited
PARACABLES,Paramount Communications Limited
INTENTECH,Intense Technologies Limited
RHFL,Reliance Home Finance Limited
GRPLTD,GRP Limited
SETCO,Setco Automotive Limited
TPLPLASTEH,TPL Plastech Limited
IITL,Industrial Investment Trust Limited
MAANALU,Maan Aluminium Limited
KERNEX,Kernex Microsystems (India) Limited
EIMCOELECO,Eimco Elecon (India) Limited
BROOKS,Brooks Laboratories Limited
SUPERHOUSE,Superhouse Limited
VISASTEEL,Visa Steel Limited
ARIES,Aries Agro Limited
SUNDARAM,Sundaram Multi Pap Limited
AJRINFRA,AJR INFRA AND TOLLING LIMITED
COMPUSOFT,Compucom Software Limited
KECL,Kirloskar Electric Company Limited
VETO,Veto Switchgears And Cables Limited
E2E,E2E Networks Limited
GTL,GTL Limited
MODIRUBBER,Modi Rubber Limited
KAKATCEM,Kakatiya Cement Sugar & Industries Limited
JOCIL,Jocil Limited
AARVI,Aarvi Encon Limited
MANAKCOAT,Manaksia Coated Metals & Industries Limited
INDIANCARD,Indian Card Clothing Company Limited
LASA,Lasa Supergenerics Limited
A2ZINFRA,A2Z Infra Engineering Limited
UNITEDTEA,The United Nilgiri Tea Estates Company Limited
PAVNAIND,Pavna Industries Limited
SERVOTECH,Servotech Power Systems Limited
DEEPENR,DEEP ENERGY RESOURCES LIMITED
HINDNATGLS,Hindusthan National Glass & Industries Limited
IL&FSTRANS,IL&FS Transportation Networks Limited
SHREYANIND,Shreyans Industries Limited
KAMATHOTEL,Kamat Hotels (I) Limited
NITCO,Nitco Limited
GOLDENTOBC,Golden Tobacco Limited
NECCLTD,North Eastern Carrying Corporation Limited
AKSHOPTFBR,Aksh Optifibre Limited
SUVIDHAA,Suvidhaa Infoserve Limited
MANGALAM,Mangalam Drugs And Organics Limited
WORTH,Worth Peripherals Limited
SKMEGGPROD,SKM Egg Products Export (India) Limited
RANEENGINE,Rane Engine Valve Limited
BALPHARMA,Bal Pharma Limited
SAKHTISUG,Sakthi Sugars Limited
PREMIERPOL,Premier Polyfilm Limited
ATLANTA,Atlanta  Limited
JAINAM,Jainam Ferro Alloys (I) Limited
NILASPACES,Nila Spaces Limited
MANAKALUCO,Manaksia Aluminium Company Limited
IVP,IVP Limited
ASIANHOTNR,Asian Hotels (North) Limited
ESSARSHPNG,Essar Shipping Limited
DCM,DCM  Limited
INDOWIND,Indowind Energy Limited
LAGNAM,Lagnam Spintex Limited
3RDROCK,3rd Rock Multimedia Limited
EMMBI,Emmbi Industries Limited
ICEMAKE,Ice Make Refrigeration Limited
RPPINFRA,R.P.P. Infra Projects Limited
CORALFINAC,Coral India Finance & Housing Limited
SHRENIK,Shrenik Limited
JMA,Jullundur Motor Agency (Delhi) Limited
BALLARPUR,Ballarpur Industries Limited
BYKE,The Byke Hospitality Ltd
TRF,TRF Limited
ARROWGREEN,Arrow Greentech Limited
BHARATGEAR,Bharat Gears Limited
ALPA,Alpa Laboratories Limited
PALREDTEC,Palred Technologies Limited
IL&FSENGG,IL&FS Engineering and Construction Company Limited
DEVIT,Dev Information Technology Limited
ELECTHERM,Electrotherm (India) Limited
GILLANDERS,Gillanders Arbuthnot & Company Limited
BHAGYANGR,Bhagyanagar India Limited
SPECTRUM,Spectrum Electrical Industries Limited
DAMODARIND,Damodar Industries Limited
SURANAT&P,Surana Telecom and Power Limited
MURUDCERA,Murudeshwar Ceramics Limited
NOIDATOLL,Noida Toll Bridge Company Limited
LOKESHMACH,Lokesh Machines Limited
PODDARHOUS,Poddar Housing and Development Limited
GENCON,Generic Engineering Construction and Projects Limited
SHIVAUM,Shiv Aum Steels Limited
ASPINWALL,Aspinwall and Company Limited
UMANGDAIRY,Umang Dairies Limited
SUNDRMBRAK,Sundaram Brake Linings Limited
RVHL,Ravinder Heights Limited
GLOBE,Globe Textiles (India) Limited
GANGESSECU,Ganges Securities Limited
JHS,JHS Svendgaard Laboratories Limited
PRITIKAUTO,Pritika Auto Industries Limited
ZODIAC,Zodiac Energy Limited
SURYALAXMI,Suryalakshmi Cotton Mills Limited
MAHAPEXLTD,Maha Rashtra Apex Corporation Limited
INDOSOLAR,Indosolar Limited
AHLADA,Ahlada Engineers Limited
NDGL,Naga Dhunseri Group Limited
SMLT,Sarthak Metals Limited
MHLXMIRU,Mahalaxmi Rubtech Limited
MEGASTAR,Megastar Foods Limited
AMJLAND,Amj Land Holdings Limited
PIONEEREMB,Pioneer Embroideries Limited
ANKITMETAL,Ankit Metal & Power Limited
ARVEE,Arvee Laboratories (India) Limited
CTE,Cambridge Technology Enterprises Limited
MITCON,MITCON Consultancy
CCHHL,Country Club Hospitality & Holidays Limited
VIVIMEDLAB,Vivimed Labs Limited
PVP,PVP Ventures Limited
NIRAJ,Niraj Cement Structurals Limited
VCL,Vaxtex Cotfab Limited
UNITEDPOLY,United Polyfab Gujarat Limited
DUGLOBAL,DUDIGITAL GLOBAL LIMITED
TCIDEVELOP,TCI Developers Limited
GROBTEA,The Grob Tea Company Limited
SBC,SBC Exports Limited
SALONA,Salona Cotspin Limited
IMAGICAA,Imagicaaworld Entertainment Limited
RKEC,RKEC Projects Limited
BLBLIMITED,BLB Limited
BSL,BSL Limited
PRAENG,Prajay Engineers Syndicate Limited
AARON,Aaron Industries Limited
SMARTLINK,Smartlink Holdings Limited
DRSDILIP,DRS Dilip Roadlines Limited
SIGIND,Signet Industries Limited
IZMO,IZMO Limited
FIBERWEB,Fiberweb (India) Limited
LOTUSEYE,Lotus Eye Hospital and Institute Limited
PALASHSECU,Palash Securities Limited
BAGFILMS,B.A.G Films and Media Limited
RAJSREESUG,Rajshree Sugars & Chemicals Limited
BHANDARI,Bhandari Hosiery Exports Limited
JBFIND,JBF Industries Limited
VERTOZ,Vertoz Advertising Limited
AKASH,Akash Infra-Projects Limited
SARVESHWAR,Sarveshwar Foods Limited
MUKTAARTS,Mukta Arts Limited
AAREYDRUGS,Aarey Drugs & Pharmaceuticals Limited
ABMINTLLTD,ABM International Limited
TIRUPATIFL,Tirupati Forge Limited
KAPSTON,Kapston Services Limited
SURANASOL,Surana Solar Limited
SOFTTECH,Softtech Engineers Limited
REMSONSIND,Remsons Industries Limited
BHAGYAPROP,Bhagyanagar Properties Limited
MAHASTEEL,Mahamaya Steel Industries Limited
MOTOGENFIN,The Motor & General Finance Limited
AIROLAM,Airo Lam limited
TIL,TIL Limited
SECL,Salasar Exteriors and Contour Limited
TOTAL,Total Transport Systems Limited
FOCE,Foce India Limited
ENERGYDEV,Energy Development Company Limited
AVG,AVG Logistics Limited
PARIN,Parin Furniture Limited
TOUCHWOOD,Touchwood Entertainment Limited
ROML,Raj Oil Mills Limited
INCREDIBLE,INCREDIBLE INDUSTRIES LIMITED
WEIZMANIND,Weizmann Limited
PKTEA,The Peria Karamalai Tea & Produce Company Limited
PRESSMN,Pressman Advertising Limited
UNIVASTU,Univastu India Limited
WELINV,Welspun Investments and Commercials Limited
INDBANK,Indbank Merchant Banking Services Limited
LPDC,Landmark Property Development Company Limited
GOENKA,Goenka Diamond and Jewels Limited
MRO-TEK,MRO-TEK Realty Limited
BIOFILCHEM,Biofil Chemicals & Pharmaceuticals Limited
SIMBHALS,Simbhaoli Sugars Limited
MICEL,MIC Electronics Limited
SOLEX,Solex Energy Limited
SGL,STL Global Limited
OMAXAUTO,Omax Autos Limited
LAMBODHARA,Lambodhara Textiles Limited
PRAKASHSTL,Prakash Steelage Limited
DBSTOCKBRO,DB (International) Stock Brokers Limited
SEPOWER,S.E. Power Limited
DHRUV,Dhruv Consultancy Services Limited
AUSOMENT,Ausom Enterprise Limited
STEELCITY,Steel City Securities Limited
SHIVAMILLS,Shiva Mills Limited
FOCUS,Focus Lighting and Fixtures Limited
AMDIND,AMD Industries Limited
MBECL,Mcnally Bharat Engineering Company Limited
CCCL,Consolidated Construction Consortium Limited
KRISHIVAL,Empyrean Cashews Limited
SVLL,Shree Vasu Logistics Limited
OSWALSEEDS,ShreeOswal Seeds And Chemicals Limited
SEYAIND,Seya Industries Limited
TOKYOPLAST,Tokyo Plast International Limited
VMARCIND,V Marc India Limited
ROLTA,Rolta India Limited
SALSTEEL,S.A.L. Steel Limited
BANKA,Banka BioLoo Limited
AROGRANITE,Aro Granite Industries Limited
UJAAS,Ujaas Energy Limited
CENTEXT,Century Extrusions Limited
GANGAFORGE,Ganga Forging Limited
SANWARIA,Sanwaria Consumer Limited
ALKALI,Alkali Metals Limited
MCL,Madhav Copper Limited
TREJHARA,TREJHARA SOLUTIONS LIMITED
TARMAT,Tarmat Limited
MKPL,M K Proteins Limited
ANIKINDS,Anik Industries Limited
RSSOFTWARE,R. S. Software (India) Limited
MOKSH,Moksh Ornaments Limited
JETFREIGHT,Jet Freight Logistics Limited
SHREERAMA,Shree Rama Multi-Tech Limited
ARCHIDPLY,Archidply Industries Limited
SUMEETINDS,Sumeet Industries Limited
SIL,Standard Industries Limited
CINEVISTA,Cinevista Limited
KEYFINSERV,Keynote Financial Services Limited
MORARJEE,Morarjee Textiles Limited
NITIRAJ,Nitiraj Engineers Limited
SAMBHAAV,Sambhaav Media Limited
DELTAMAGNT,Delta Manufacturing Limited
BCONCEPTS,Brand Concepts Limited
TIRUPATI,Shree Tirupati Balajee FIBC Limited
AGRITECH,Agri-Tech (India) Limited
SONAMCLOCK,Sonam Clock Limited
PUNJLLOYD,Punj Lloyd Limited
HINDCON,Hindcon Chemicals Limited
AMBANIORG,Ambani Organics Limited
GLOBAL,Global Education Limited
VAISHALI,Vaishali Pharma Limited
PRECISION,Precision Metaliks Limited
GEEKAYWIRE,Geekay Wires Limited
MAHICKRA,Mahickra Chemicals Limited
URAVI,Uravi T and Wedge Lamps Limited
SICAL,Sical Logistics Limited
PNC,Pritish Nandy Communications Limited
UTTAMSTL,Uttam Galva Steels Limited
TARACHAND,Tara Chand Logistic Solutions Limited
PROLIFE,Prolife Industries Limited
CELEBRITY,Celebrity Fashions Limited
AJOONI,Ajooni Biotech Limited
HISARMETAL,Hisar Metal Industries Limited
DGCONTENT,Digicontent Limited
PRITI,Priti International Limited
NIBL,NRB Industrial Bearings Limited
KRITIKA,Kritika Wires Limited
SUPREMEENG,Supreme Engineering Limited
SAGARDEEP,Sagardeep Alloys Limited
ORIENTLTD,Orient Press Limited
CORDSCABLE,Cords Cable Industries Limited
JAKHARIA,JAKHARIA FABRIC LIMITED
TAINWALCHM,Tainwala Chemical and Plastic (I) Limited
BMETRICS,Bombay Metrics Supply Chain Limited
EXCEL,Excel Realty N Infra Limited
GLOBALVECT,Global Vectra Helicorp Limited
KALYANIFRG,Kalyani Forge Limited
SUPERSPIN,Super Spinning Mills Limited
LEXUS,Lexus Granito (India) Limited
VINNY,Vinny Overseas Limited
AVROIND,AVRO INDIA LIMITED
BANARBEADS,Banaras Beads Limited
SIKKO,Sikko Industries Limited
OMKARCHEM,Omkar Speciality Chemicals Limited
PANACHE,Panache Digilife Limited
INDSWFTLTD,Ind-Swift Limited
ARCHIES,Archies Limited
VASWANI,Vaswani Industries Limited
MALUPAPER,Malu Paper Mills Limited
BEARDSELL,Beardsell Limited
AAATECH,Aaa Technologies Limited
SECURCRED,SecUR Credentials Limited
BDR,BDR Buildcon Limited
HPIL,Hindprakash Industries Limited
MTEDUCARE,MT Educare Limited
JAIPURKURT,Nandani Creation Limited
AURDIS,Aurangabad Distillery Limited
MERCATOR,Mercator Limited
AARVEEDEN,Aarvee Denims & Exports Limited
TERASOFT,Tera Software Limited
FLEXITUFF,Flexituff Ventures International Limited
GAL,Gyscoal Alloys Limited
HOVS,HOV Services Limited
CALSOFT,California Software Company Limited
DHARSUGAR,Dharani Sugars & Chemicals Limited
BURNPUR,Burnpur Cement Limited
PARTYCRUS,Party Cruisers Limited
ARSSINFRA,ARSS Infrastructure Projects Limited
VARDMNPOLY,Vardhman Polytex Limited
ICDSLTD,ICDS Limited
ATALREAL,Atal Realtech Limited
EASTSILK,Eastern Silk Industries Limited
SHRADHA,Shradha Infraprojects Limited
ZENITHEXPO,Zenith Exports Limited
BALKRISHNA,Balkrishna Paper Mills Limited
MDL,Marvel Decor Limited
NPST,Network People Services Technologies Limited
WEWIN,WE WIN LIMITED
KKVAPOW,KKV Agro Powers Limited
BVCL,Barak Valley Cements Limited
MHHL,Mohini Health & Hygiene Limited
DCI,DC Infotech and Communication Limited
ROLLT,Rollatainers Limited
TIMESGTY,Times Guaranty Limited
MARSHALL,Marshall Machines Limited
CMICABLES,CMI Limited
WIPL,The Western India Plywoods Limited
CYBERMEDIA,Cyber Media (India) Limited
COOLCAPS,Cool Caps Industries Limited
AISL,ANI Integrated Services Limited
VIVIDHA,Visagar Polytex Limited
KHFM,Khfm Hospitality And Facility Management Services Limited
AGROPHOS,Agro Phos India Limited
MRO,M.R. Organisation Limited
MADHAV,Madhav Marbles and Granites Limited
FMNL,Future Market Networks Limited
NAGREEKEXP,Nagreeka Exports Limited
NIDAN,Nidan Laboratories and Healthcare Limited
AMBICAAGAR,Ambica Agarbathies & Aroma industries Limited
ABCOTS,A B Cotspin India Limited
LCCINFOTEC,LCC Infotech Limited
KRIDHANINF,Kridhan Infra Limited
VINEETLAB,Vineet Laboratories Limited
HAVISHA,Sri Havisha Hospitality and Infrastructure Limited
COUNCODOS,Country Condo's Limited
BANG,Bang Overseas Limited
EDUCOMP,Educomp Solutions Limited
LIBAS,Libas Consumer Products Limited
RELIABLE,Reliable Data Services Limited
MADHUCON,Madhucon Projects Limited
MAGNUM,Magnum Ventures Limited
ANSALHSG,Ansal Housing Limited
OILCOUNTUB,Oil Country Tubular Limited
UCL,Ushanti Colour Chem Limited
HILTON,Hilton Metal Forging Limited
JETKNIT,Jet Knitwears Limited
MANUGRAPH,Manugraph India Limited
AKG,Akg Exim Limited
ASLIND,ASL Industries Limited
SOMICONVEY,Somi Conveyor Beltings Limited
SHAIVAL,Shaival Reality Limited
SURANI,Surani Steel Tubes Limited
DIGJAMLMTD,Digjam Limited
SWARAJ,Swaraj Suiting Limited
KARMAENG,Karma Energy Limited
SANGINITA,Sanginita Chemicals Limited
HECPROJECT,HEC Infra Projects Limited
PIGL,Power & Instrumentation (Gujarat) Limited
HBSL,HB Stockholdings Limited
SUMIT,Sumit Woods Limited
GIRIRAJ,Giriraj Civil Developers Limited
MILTON,Milton Industries Limited
CROWN,Crown Lifters Limited
TREEHOUSE,Tree House Education & Accessories Limited
ORIENTALTL,Oriental Trimex Limited
PATINTLOG,Patel Integrated Logistics Limited
SETUINFRA,Setubandhan Infrastructure Limited
CUBEXTUB,Cubex Tubings Limited
REXPIPES,Rex Pipes And Cables Industries Limited
TMRVL,The Mandhana Retail Ventures Limited
SUPREMEINF,Supreme Infrastructure India Limited
LAXMICOT,Laxmi Cotspin Limited
SSINFRA,S.S. Infrastructure Development Consultants Limited
VSCL,Vadivarhe Speciality Chemicals Limited
DKEGL,D.K. Enterprises Global Limited
NEXTMEDIA,Next Mediaworks Limited
KSHITIJPOL,Kshitij Polyline Limited
TIMESCAN,Timescan Logistics (India) Limited
VIVO,Vivo Collaboration Solutions Limited
VIJIFIN,Viji Finance Limited
21STCENMGM,21st Century Management Services Limited
PEARLPOLY,Pearl Polymers Limited
CADSYS,Cadsys (India) Limited
SILGO,Silgo Retail Limited
LGHL,Laxmi Goldorna House Limited
LFIC,Lakshmi Finance & Industrial Corporation Limited
SONAHISONA,Sona Hi Sona Jewellers (Gujarat) Limited
DNAMEDIA,Diligent Media Corporation Limited
MOHITIND,Mohit Industries Limited
INFOMEDIA,Infomedia Press Limited
GOLDSTAR,Goldstar Power Limited
NARMADA,Narmada Agrobase Limited
TGBHOTELS,TGB Banquets And Hotels Limited
ACEINTEG,Ace Integrated Solutions Limited
SHANTI,Shanti Overseas (India) Limited
3PLAND,3P Land Holdings Limited
ASCOM,Ascom Leasing & Investments Limited
LATTEYS,Latteys Industries Limited
ADL,Archidply Decor Limited
TANTIACONS,Tantia Constructions Limited
KHANDSE,Khandwala Securities Limited
ZENITHSTL,Zenith Steel Pipes & Industries Limited
SOMATEX,Soma Textiles & Industries Limited
UNIINFO,Uniinfo Telecom Services Limited
RKDL,Ravi Kumar Distilleries Limited
RICHA,Richa Info Systems Limited
WILLAMAGOR,Williamson Magor & Company Limited
SILLYMONKS,Silly Monks Entertainment Limited
QUADPRO,Quadpro Ites Limited
METALFORGE,Metalyst Forgings Limited
ANTGRAPHIC,Antarctica Limited
JALAN,Jalan Transolutions (India) Limited
GICL,Globe International Carriers Limited
MITTAL,Mittal Life Style Limited
SIDDHIKA,Siddhika Coatings Limited
SPENTEX,Spentex Industries Limited
AVSL,AVSL Industries Limited
ADROITINFO,Adroit Infotech Limited
DYNAMIC,Dynamic Services & Security Limited
UWCSL,Ultra Wiring Connectivity System Limited
RMCL,Radha Madhav Corporation Limited
KAVVERITEL,Kavveri Telecom Products Limited
PULZ,Pulz Electronics Limited
MPTODAY,Madhya Pradesh Today Media Limited
TFL,Transwarranty Finance Limited
NKIND,NK Industries Limited
GUJRAFFIA,Gujarat Raffia Industries Limited
TNTELE,Tamilnadu Telecommunication Limited
BARTRONICS,Bartronics India Limited
ORTINLAB,Ortin Laboratories Limited
TIJARIA,Tijaria Polypipes Limited
PBAINFRA,PBA Infrastructure Limited
BTML,Bodhi Tree Multimedia Limited
KEERTI,Keerti Knowledge and Skills Limited
TECHIN,Techindia Nirman Limited
KHAITANLTD,Khaitan (India) Limited
IMPEXFERRO,Impex Ferro Tech Limited
LYPSAGEMS,Lypsa Gems & Jewellery Limited
BKMINDST,Bkm Industries Limited
THOMASCOTT,Thomas Scott (India) Limited
SUBCAPCITY,International Constructions Limited
ONELIFECAP,Onelife Capital Advisors Limited
PREMIER,Premier Limited
SPRL,Sp Refractories Limited
S&SPOWER,S&S Power Switchgears Limited
CMMIPL,CMM Infraprojects Limited
VICEROY,Viceroy Hotels Limited
ALPSINDUS,Alps Industries Limited
ABINFRA,A B Infrabuild Limited
VERA,Vera Synthetic Limited
KAUSHALYA,Kaushalya Infrastructure Development Corporation Limited
WALPAR,Walpar Nutritions Limited
KALYANI,Kalyani Commercials Limited
BRIGHT,Bright Solar Limited
NAGREEKCAP,Nagreeka Capital & Infrastructure Limited
SHUBHLAXMI,Shubhlaxmi Jewel Art Limited
SANCO,Sanco Industries Limited
UMESLTD,Usha Martin Education & Solutions Limited
INDLMETER,IMP Powers Limited
MASKINVEST,Mask Investments Limited
SHYAMTEL,Shyam Telecom Limited
CONTI,Continental Seeds and Chemicals Limited
INNOVATIVE,Innovative Tyres and Tubes Limited
MINDPOOL,Mindpool Technologies Limited
ARENTERP,Rajdarshan Industries Limited
RMDRIP,R M Drip and Sprinklers Systems Limited
RADAAN,Radaan Mediaworks India Limited
PERFECT,Perfect Infraengineers Limited
DRL,Dhanuka Realty Limited
AHIMSA,Ahimsa Industries Limited
BLUECOAST,Blue Coast Hotels Limited
DESTINY,Destiny Logistics & Infra Limited
CANDC,C & C Constructions Limited
ABNINT,A B N Intercorp Limited
ACCORD,Accord Synergy Limited
FELIX,Felix Industries Limited
GLFL,Gujarat Lease Financing Limited
SRIRAM,Shri Ram Switchgears Limited
CREATIVEYE,Creative Eye Limited
EASUNREYRL,Easun Reyrolle Limited
TARAPUR,Tarapur Transformers Limited
SMVD,SMVD Poly Pack Limited
OMFURN,Omfurn India Limited
NORBTEAEXP,Norben Tea & Exports Limited
TCIFINANCE,TCI Finance Limited
SABEVENTS,Sab Events & Governance Now Media Limited
SKSTEXTILE,SKS Textiles Limited
PAEL,PAE Limited
NIRAJISPAT,Niraj Ispat Industries Limited
DCMFINSERV,DCM Financial Services Limited
LAKPRE,Lakshmi Precision Screws Limited
AMJUMBO,A and M Jumbo Bags Limited
SABTN,Sri Adhikari Brothers Television Network Limited
AILIMITED,Abhishek Integrations Limited
HOTELRUGBY,Hotel Rugby Limited
BHALCHANDR,Bhalchandram Clothing Limited
MELSTAR,Melstar Information Technologies Limited
MANAV,Manav Infra Projects Limited
GRETEX,Gretex Industries Limited
TRANSWIND,Transwind Infrastructures Limited
JAINSTUDIO,Jain Studios Limited
RAJRILTD,Raj Rayon Industries Limited
ABHISHEK,Abhishek Corporation Limited
ABMINTLTD,ABM International Limited
AHLWEST,Asian Hotels (West) Limited
AIFL,Ashapura Intimates Fashion Limited
ALCHEM,Alchemist Limited
ARCOTECH,Arcotech Limited
ASIL,Amit Spinning Industries Limited
ATCOM,Atcom Technologies Limited
ATLASCYCLE,Atlas Cycles (Haryana) Limited
ATNINTER,ATN International Limited
AUSTRAL,Austral Coke & Projects Limited
AUTOLITIND,Autolite (India) Limited
BGLOBAL,Bharatiya Global Infomedia Limited
BHARATIDIL,Bharati Defence and Infrastructure Limited
BILENERGY,Bil Energy Systems Limited
BINANIIND,Binani Industries Limited
BLUEBLENDS,Blue Blends (I) Limited
BLUECHIP,Blue Chip India Limited
CELESTIAL,Celestial Biolabs Limited
CHROMATIC,Chromatic India Limited
CKFSL,Cox & Kings Financial Service Limited
COX&KINGS,Cox & Kings Limited
DALALSTCOM,DSJ Keep Learning Limited
DIAPOWER,Diamond Power Infra Ltd
DOLPHINOFF,Dolphin Offshore Enterprises (India) Limited
DQE,DQ Entertainment (International) Limited
DRCSYSTEMS,DRC Systems India Limited
DSKULKARNI,DS Kulkarni Developers Limited
EASTSUGIND,Eastern Sug & Inds Limited
EMCO,Emco Limited
EON,Eon Electric Limited
ESSENTIA,Integra Essentia Limited
EUROCERA,Euro Ceramics Limited
EUROMULTI,Euro Multivision Limited
EUROTEXIND,Eurotex Industries and Exports Limited
FEDDERELEC,Fedders Electric and Engineering Limited
GAMMONIND,Gammon India Limited
GANGOTRI,Gangotri Textiles Limited
GAYAHWS,Gayatri Highways Limited
GBGLOBAL,GB Global Limited
GFSTEELS,Grand Foundry Limited
GISOLUTION,GI Engineering Solutions Limited
GITANJALI,Gitanjali Gems Limited
GVKPIL,GVK Power & Infrastructure Limited
ICSA,ICSA (India) Limited
IVRCLINFRA,IVRCL Limited
JIKIND,JIK Industries Limited
JINDCOT,Jindal Cotex Limited
JMTAUTOLTD,JMT Auto Limited
KGL,Karuturi Global Limited
KOHINOOR,Kohinoor Foods Limited
KSERASERA,KSS Limited
KSK,KSK Energy Ventures Limited
LAKSHMIEFL,Lakshmi Energy and Foods Limited
LEEL,LEEL Electricals Limited
MAFATLAFIN,Mafatlal Finance Limited
MANPASAND,Manpasand Beverages Limited
MCDHOLDING,McDowell Holdings Limited
METKORE,Metkore Alloys & Industries Limited
MODTHREAD,Modern Thread Limited
MOHOTAIND,Mohota Industries Limited
MUKANDENGG,Mukand Engineers Limited
MVL,MVL Limited
NAKODA,Nakoda Limited
NATNLSTEEL,National Steel And Agro Industries Limited
NITINFIRE,Nitin Fire Protection Industries Limited
NTL,Neueon Towers Limited
NUTEK,Nu Tek India Limited
OISL,OCL Iron and Steel Limited
OPTOCIRCUI,Opto Circuits (India) Limited
ORTEL,Ortel Communications Limited
PARASPETRO,Paras Petrofils Limited
PDPL,Parenteral Drugs (India) Limited
PINCON,Pincon Spirit Limited
PRATIBHA,Pratibha Industries Limited
PRUDMOULI,Prudential Sugar Corporation Limited
PSL,PSL Limited
QUINTEGRA,Quintegra Solutions Limited
RAINBOWPAP,Rainbow Papers Limited
RAJVIR,Rajvir Industries Limited
RAMSARUP,Ramsarup Industries Limited
REGENCERAM,Regency Ceramics Limited
RMMIL,Resurgere Mines & Minerals Limited
RUSHABEAR,Rushabh Precision Bearings Limited
SATHAISPAT,Sathavahana Ispat Limited
SBIHOMEFIN,SBI Home Finance Limited
SHARONBIO,Sharon Bio-Medicine Limited
SHIRPUR-G,Shirpur Gold Refinery Limited
SINTEX,Sintex Industries Limited
SKIL,SKIL Infrastructure Limited
SPCENET,Spacenet Enterprises India Limited
SPYL,Shekhawati Poly-Yarn Limited
STAMPEDE,Stampede Capital Limited
STERLINBIO,Sterling Biotech Limited
TALWALKARS,Talwalkars Better Value Fitness Limited
TALWGYM,Talwalkars Healthclubs Limited
TECHNOFAB,Technofab Engineering Limited
TECILCHEM,TECIL Chemicals and Hydro Power Limited
THIRUSUGAR,Thiru Arooran Sugars Limited
TULSI,Tulsi Extrusions Limited
TVVISION,TV Vision Limited
UNIPLY,Uniply Industries Limited
UNITY,Unity Infraprojects Limited
VALECHAENG,Valecha Engineering Limited
VALUEIND,Value Industries Limited
VIDEOIND,Videocon Industries Limited
VISUINTL,Visu International Limited
WINSOME,Winsome Yarns Limited
WSI,W S Industries (I) Limited
ZICOM,Zicom Electronic Security Systems Limited
ARTEDZ,Artedz Fabs Limited
BANSAL,Bansal Multiflex Limited
BOHRA,Bohra Industries Limited
CKPLEISURE,CKP Leisure Limited
FIVECORE,Five Core Electronics Limited
FOURTHDIM,Fourth Dimension Solutions Limited
OPAL,Opal Luxury Time Products Limited
POWERFUL,Powerful Technologies Limited
SIIL,Supreme (India) Impex Limited
SONISOYA,Soni Soya Products Limited
VASA,Vasa Retail and Overseas Ltd
